{"Name": "instance01_1--MRA--auau-8-around-2-4-4#1", "Horizon": 199, "TargetJob": 22, "Resources": [{"Type": "R", "Id": 1, "Capacity": 29, "Availability": {"Periodical": [{"Start": 6, "End": 22, "Capacity": 29}], "Additions": [], "Migrations": []}}, {"Type": "R", "Id": 2, "Capacity": 31, "Availability": {"Periodical": [{"Start": 6, "End": 22, "Capacity": 31}], "Additions": [], "Migrations": []}}, {"Type": "R", "Id": 3, "Capacity": 37, "Availability": {"Periodical": [{"Start": 6, "End": 22, "Capacity": 37}], "Additions": [], "Migrations": []}}, {"Type": "R", "Id": 4, "Capacity": 21, "Availability": {"Periodical": [{"Start": 6, "End": 22, "Capacity": 21}], "Additions": [], "Migrations": []}}], "Projects": [{"Id": 1, "Due date": 56, "Tardiness cost": 27}], "Jobs": [{"Id": 1, "Duration": 0, "Resource consumption": {"Consumptions": {"R1": 0, "R2": 0, "R3": 0, "R4": 0}}, "Successors": [3], "Due date": 0, "Completed": false}, {"Id": 2, "Duration": 9, "Resource consumption": {"Consumptions": {"R1": 7, "R2": 6, "R3": 0, "R4": 0}}, "Successors": [10], "Due date": 0, "Completed": false}, {"Id": 3, "Duration": 7, "Resource consumption": {"Consumptions": {"R1": 6, "R2": 0, "R3": 8, "R4": 6}}, "Successors": [21], "Due date": 0, "Completed": false}, {"Id": 4, "Duration": 8, "Resource consumption": {"Consumptions": {"R1": 0, "R2": 1, "R3": 9, "R4": 1}}, "Successors": [17], "Due date": 0, "Completed": false}, {"Id": 5, "Duration": 5, "Resource consumption": {"Consumptions": {"R1": 9, "R2": 0, "R3": 0, "R4": 0}}, "Successors": [29], "Due date": 0, "Completed": false}, {"Id": 6, "Duration": 6, "Resource consumption": {"Consumptions": {"R1": 0, "R2": 2, "R3": 5, "R4": 4}}, "Successors": [9], "Due date": 0, "Completed": false}, {"Id": 7, "Duration": 9, "Resource consumption": {"Consumptions": {"R1": 8, "R2": 10, "R3": 2, "R4": 8}}, "Successors": [14], "Due date": 0, "Completed": false}, {"Id": 8, "Duration": 8, "Resource consumption": {"Consumptions": {"R1": 10, "R2": 6, "R3": 3, "R4": 10}}, "Successors": [27], "Due date": 0, "Completed": false}, {"Id": 9, "Duration": 1, "Resource consumption": {"Consumptions": {"R1": 7, "R2": 6, "R3": 5, "R4": 5}}, "Successors": [25], "Due date": 0, "Completed": false}, {"Id": 10, "Duration": 3, "Resource consumption": {"Consumptions": {"R1": 10, "R2": 10, "R3": 2, "R4": 4}}, "Successors": [12], "Due date": 0, "Completed": false}, {"Id": 11, "Duration": 10, "Resource consumption": {"Consumptions": {"R1": 0, "R2": 4, "R3": 5, "R4": 0}}, "Successors": [30], "Due date": 0, "Completed": false}, {"Id": 12, "Duration": 7, "Resource consumption": {"Consumptions": {"R1": 4, "R2": 6, "R3": 9, "R4": 0}}, "Successors": [18], "Due date": 0, "Completed": false}, {"Id": 13, "Duration": 9, "Resource consumption": {"Consumptions": {"R1": 7, "R2": 0, "R3": 10, "R4": 8}}, "Successors": [15], "Due date": 0, "Completed": false}, {"Id": 14, "Duration": 10, "Resource consumption": {"Consumptions": {"R1": 0, "R2": 8, "R3": 6, "R4": 1}}, "Successors": [26], "Due date": 0, "Completed": false}, {"Id": 15, "Duration": 6, "Resource consumption": {"Consumptions": {"R1": 10, "R2": 0, "R3": 6, "R4": 3}}, "Successors": [16], "Due date": 0, "Completed": false}, {"Id": 16, "Duration": 7, "Resource consumption": {"Consumptions": {"R1": 10, "R2": 0, "R3": 0, "R4": 10}}, "Successors": [17], "Due date": 0, "Completed": false}, {"Id": 17, "Duration": 4, "Resource consumption": {"Consumptions": {"R1": 6, "R2": 0, "R3": 0, "R4": 4}}, "Successors": [], "Due date": 46, "Completed": false}, {"Id": 18, "Duration": 6, "Resource consumption": {"Consumptions": {"R1": 9, "R2": 3, "R3": 5, "R4": 0}}, "Successors": [19], "Due date": 0, "Completed": false}, {"Id": 19, "Duration": 10, "Resource consumption": {"Consumptions": {"R1": 6, "R2": 8, "R3": 9, "R4": 9}}, "Successors": [21], "Due date": 0, "Completed": false}, {"Id": 20, "Duration": 5, "Resource consumption": {"Consumptions": {"R1": 7, "R2": 2, "R3": 1, "R4": 0}}, "Successors": [23], "Due date": 0, "Completed": false}, {"Id": 21, "Duration": 8, "Resource consumption": {"Consumptions": {"R1": 0, "R2": 6, "R3": 10, "R4": 5}}, "Successors": [22], "Due date": 0, "Completed": false}, {"Id": 22, "Duration": 3, "Resource consumption": {"Consumptions": {"R1": 6, "R2": 8, "R3": 9, "R4": 7}}, "Successors": [], "Due date": 46, "Completed": false}, {"Id": 23, "Duration": 10, "Resource consumption": {"Consumptions": {"R1": 3, "R2": 0, "R3": 9, "R4": 0}}, "Successors": [28], "Due date": 0, "Completed": false}, {"Id": 24, "Duration": 7, "Resource consumption": {"Consumptions": {"R1": 0, "R2": 8, "R3": 9, "R4": 0}}, "Successors": [25], "Due date": 0, "Completed": false}, {"Id": 25, "Duration": 3, "Resource consumption": {"Consumptions": {"R1": 3, "R2": 2, "R3": 9, "R4": 7}}, "Successors": [26], "Due date": 0, "Completed": false}, {"Id": 26, "Duration": 4, "Resource consumption": {"Consumptions": {"R1": 10, "R2": 4, "R3": 0, "R4": 10}}, "Successors": [], "Due date": 46, "Completed": false}, {"Id": 27, "Duration": 7, "Resource consumption": {"Consumptions": {"R1": 7, "R2": 0, "R3": 9, "R4": 2}}, "Successors": [28], "Due date": 0, "Completed": false}, {"Id": 28, "Duration": 2, "Resource consumption": {"Consumptions": {"R1": 2, "R2": 4, "R3": 10, "R4": 8}}, "Successors": [31], "Due date": 0, "Completed": false}, {"Id": 29, "Duration": 10, "Resource consumption": {"Consumptions": {"R1": 1, "R2": 3, "R3": 0, "R4": 10}}, "Successors": [], "Due date": 46, "Completed": false}, {"Id": 30, "Duration": 9, "Resource consumption": {"Consumptions": {"R1": 2, "R2": 6, "R3": 6, "R4": 4}}, "Successors": [], "Due date": 46, "Completed": false}, {"Id": 31, "Duration": 6, "Resource consumption": {"Consumptions": {"R1": 5, "R2": 0, "R3": 3, "R4": 9}}, "Successors": [32], "Due date": 0, "Completed": false}, {"Id": 32, "Duration": 0, "Resource consumption": {"Consumptions": {"R1": 0, "R2": 0, "R3": 0, "R4": 0}}, "Successors": [], "Due date": 46, "Completed": false}], "Components": [{"Root job": 17, "Weight": 1}, {"Root job": 22, "Weight": 3}, {"Root job": 26, "Weight": 1}, {"Root job": 29, "Weight": 1}, {"Root job": 30, "Weight": 1}, {"Root job": 32, "Weight": 1}]}